id,name,host_id,host_name,neighbourhood_group,neighbourhood,latitude,longitude,room_type,price,minimum_nights,number_of_reviews,last_review,reviews_per_month,calculated_host_listings_count,availability_365,number_of_reviews_ltm,license
15400,Bright Chelsea  Apartment. Chelsea!,60302,Philippa,,Kensington and Chelsea,51.4878,-0.16813,Entire home/apt,75,3,89,2020-03-16,0.61,1,4,0,
49970,Beautiful Small Studio Hammersmith,216660,Boris,,Hammersmith and Fulham,51.49462,-0.22923,Hotel room,77,1,93,2021-11-03,0.7,12,66,7,
93263,2 Bed 2 Bath Wimbledon Apartment,500558,William,,Merton,51.4175,-0.19643,Entire home/apt,97,90,25,2019-11-08,0.22,5,287,0,
378406,Double bedroom in SW London,1900844,Pippa,,Wandsworth,51.42533,-0.16834,Private room,36,4,0,,,2,0,0,
389125,Stylish Ensuite Room in house. - Maida Vale.,1946900,David,,Brent,51.53707,-0.19483,Private room,76,2,67,2021-09-17,0.57,1,358,2,
419786,"Kitchener House, Historic grounds",2087745,Tony,,Greenwich,51.47553,0.05903,Entire home/apt,250,14,0,,,2,365,0,
464789,August in east London,2309742,Gavin,,Hackney,51.54339,-0.02672,Entire home/apt,74,5,8,2013-08-18,0.07,1,0,0,
525339,"Stylish, Spacious Hampstead Heath Garden Flat",2582452,Geoff And Marianne,,Camden,51.55999,-0.16367,Entire home/apt,130,4,3,2019-06-23,0.03,1,39,0,
604687,Your Place in Little Venice; 15 mins to West End,2993971,Joel,,Westminster,51.52056,-0.17868,Entire home/apt,450,30,48,2019-12-27,0.43,2,279,0,
714723,2 Bed Garden Flat near Tower Bridge,3373659,Carolyn,,Tower Hamlets,51.50921,-0.06122,Entire home/apt,145,4,156,2021-10-04,1.41,1,162,2,
934366,Lovely Modern Quiet Studio Room,188138,Sylvan,,Hammersmith and Fulham,51.47967,-0.21127,Private room,55,2,200,2021-11-21,1.87,3,322,12,
1380655,Super Large Double Bedroom in N1,2103037,Zannet,,Lambeth,51.47818,-0.1169,Private room,60,7,0,,,1,365,0,
1486702,Best Room&Experience in Clapham Lon,6064766,Paulo,,Lambeth,51.46161,-0.13541,Private room,52,3,103,2020-02-02,1.02,1,331,0,
1787171,"Comfy, stylish loft in Angel/Kings Cross/Eurostar",9378956,Cem,,Islington,51.5319,-0.11291,Private room,66,2,7,2018-06-24,0.16,1,0,0,
2059153,A Beautiful Home From Home,9874271,Jonathan,,Westminster,51.518,-0.13528,Entire home/apt,199,2,39,2021-04-27,0.42,2,0,1,
2673638,Double bedroom in 2 bedroom flat,13688311,Tiziana,,Newham,51.52948,0.02081,Private room,45,2,5,2020-09-12,0.05,1,311,0,
3182243,GIDEA PARK   ESSEX    SINGLE ROOM,8584509,Paul,,Havering,51.58064,0.20099,Private room,30,1,16,2020-01-24,0.2,1,363,0,
3327563,Double Room in London Portobello,9103923,Massimo,,Kensington and Chelsea,51.51597,-0.21058,Private room,51,7,21,2015-11-01,0.23,5,0,0,
3396807,Beautiful Queens Park 4 Bed House,17137347,Adam,,Brent,51.53674,-0.22023,Entire home/apt,500,7,3,2019-07-03,0.07,1,350,0,
3461949,Cute one-bedroom flat in lovely Camberwell,17444802,Joseph,,Southwark,51.4725,-0.09742,Entire home/apt,55,5,10,2020-01-09,0.11,1,173,0,
3518264,"Brilliant, modern flat in Bow",14006672,Phillip,,Tower Hamlets,51.52522,-0.02925,Entire home/apt,65,2,0,,,1,0,0,
3519290,Modern one bedroom flat in North London (Zone 2),6372543,Andrew,,Islington,51.56044,-0.11518,Entire home/apt,94,6,45,2021-11-13,0.5,1,276,2,
3634802,"Authentic 3 Bed Historic house Soho, London",17279844,Tijana,,Westminster,51.51416,-0.13493,Entire home/apt,253,4,68,2020-02-24,0.8,3,0,0,
3879416,Lovely room next to Hampstead Heath,10466259,Sami,,Camden,51.56067,-0.14823,Private room,60,1,0,,,1,0,0,
3997029,Modern apartment near DLR and Excel,20427721,Naiyeem,,Newham,51.50781,0.01818,Entire home/apt,68,2,8,2016-05-02,0.09,1,0,0,
4210429,Private double room,21842165,Anna,,Tower Hamlets,51.51703,-0.02264,Private room,60,1,2,2015-10-05,0.02,2,0,0,
4322292,Cosy 1 Bedroom in 2 Bed shared flat,1471149,Yvonne,,Islington,51.54087,-0.11964,Private room,100,7,0,,,1,0,0,
4406677,property in earls court,22842884,Feng,,Kensington and Chelsea,51.50959,-0.19473,Shared room,125,1,0,,,1,0,0,
4612667,QUIET DOUBLE ROOM 2 MINS FROM TUBE!,23897663,Paul,,Islington,51.54611,-0.10613,Private room,57,2,97,2019-08-14,1.14,2,336,0,
5026463,Double room in London,25941234,Nergis,,Lambeth,51.48391,-0.12316,Private room,55,3,13,2021-11-08,0.16,3,362,4,
5049699,Modern 1 bed just 5 min walk to CFC,26068846,Jacqualine,,Hammersmith and Fulham,51.48098,-0.19668,Entire home/apt,98,3,65,2020-02-21,0.78,1,285,0,
5597024,"Huge room, great location!",16636747,Josh,,Hackney,51.5672,-0.0736,Private room,25,5,0,,,1,0,0,
5605668,"Victorian house in Brockley, London",12602072,Corin,,Lewisham,51.45564,-0.03477,Entire home/apt,150,1,0,,,1,0,0,
5706784,Modern Private Studio Room,29586367,Ashley,,Enfield,51.6112,-0.12411,Private room,65,1,61,2021-10-25,0.96,2,335,4,
5847239,Single room for young lady,30357801,Kiki And Marko,,Wandsworth,51.42406,-0.14791,Private room,28,2,2,2015-11-11,0.03,1,0,0,
6181613,Chic 2-bed in heart of Kensington with terrace,20001519,VanZyl,,Kensington and Chelsea,51.50323,-0.19236,Entire home/apt,181,3,2,2020-08-01,0.12,47,0,0,
6350888,Suburban life 20 minutes from City!,33086902,Eileen,,Redbridge,51.58593,0.03181,Private room,25,2,62,2021-09-08,0.78,2,85,1,
6470478,Beautiful Refurbished King Room R2,33802425,Susie,,Hammersmith and Fulham,51.48106,-0.20978,Private room,112,1,5,2020-12-28,0.06,11,346,1,
6479011,"Riverside,Large Private Double room with ensuite",31781297,Melanie,,Hammersmith and Fulham,51.48956,-0.24368,Private room,70,2,181,2021-12-02,2.3,1,302,12,
6557314,"Bow Road, Big Double Room. East LND",34294420,Rene,,Tower Hamlets,51.5265,-0.02561,Private room,50,1,0,,,1,0,0,
6617446,Comfortable Dalston flat,11845087,Sarah,,Hackney,51.54756,-0.06426,Entire home/apt,40,2,2,2015-09-20,0.03,1,0,0,
6623759,"Luxurious, Spacious Apartment, Kings Road, London",34666873,Geeta,,Kensington and Chelsea,51.48829,-0.15997,Entire home/apt,95,1,20,2020-03-01,0.55,1,1,0,
6856552,Modern Apartment near Notting Hill,18810370,Bethany,,Brent,51.53763,-0.22758,Entire home/apt,90,3,6,2015-12-06,0.08,1,0,0,
6864292,Light & spacious room south London,35970047,Ben,,Lambeth,51.474,-0.10244,Private room,40,1,3,2015-08-19,0.04,1,0,0,
6902135,Room in East London - 4mins to Tube,36168186,Onur,,Islington,51.52705,-0.09048,Private room,45,1,0,,,1,0,0,
6913645,Spacious bedroom in Finsbury Park,23906595,Paul,,Islington,51.56014,-0.11066,Private room,40,1,1,2015-06-30,0.01,3,0,0,
6930884,Mayfair 1 sgl bed in 1st floor flat,36334329,Mortimer,,Westminster,51.51339,-0.14929,Private room,67,2,101,2020-09-19,1.29,2,157,0,
6966615,Male shared twin room w/Wi-Fi (a),33426547,LHA London - Belvedere House,,Kensington and Chelsea,51.49662,-0.18651,Shared room,26,1,5,2017-07-18,0.06,9,0,0,
7120651,WAREHOUSE ROOM AVAILABLE,37300908,Joseph,,Haringey,51.57577,-0.08697,Private room,20,1,3,2015-07-19,0.04,1,0,0,
7275367,Modern 2 Bed 2 Bathroom with Garden,35902113,Ali,,Hammersmith and Fulham,51.48447,-0.19584,Entire home/apt,145,3,60,2021-04-30,0.79,2,306,3,
7324287,Nice dbl room in central London,38367441,Soho,,Camden,51.51682,-0.13052,Private room,85,2,27,2016-04-09,0.35,1,0,0,
7428524,2 Bed Garden Flat in Iconic Square,36952108,Emma,,Camden,51.54017,-0.15401,Entire home/apt,140,1,2,2016-07-24,0.03,1,0,0,
7613234,Double room in a modern property,20124149,Andrea,,Lambeth,51.43937,-0.11301,Private room,34,2,15,2018-07-03,0.2,2,0,0,
7646192,A dbl  room with ensuite shower,40120514,Jamie,,Wandsworth,51.4556,-0.21335,Private room,75,1,0,,,2,365,0,
7796809,Dble Room near Clapham & Brixton,41038253,Emma,,Lambeth,51.46184,-0.12592,Private room,40,1,0,,,1,0,0,
7862460,"Beautiful one bed flat: Clapton, E5",30686512,Holly,,Hackney,51.5678,-0.0557,Entire home/apt,81,3,13,2020-03-29,0.18,1,0,0,
7949930,Tranquil room overlooking garden in artist's home,34526293,Sue,,Southwark,51.46061,-0.07904,Private room,40,2,56,2019-10-07,0.99,1,1,0,
7951962,Modern 2 Bed Flat Central Brixton,16699760,James,,Lambeth,51.46209,-0.115,Entire home/apt,80,2,4,2016-06-05,0.05,1,0,0,
8042652,Private room in super friendly home,42470709,Terri,,Hackney,51.55169,-0.07823,Private room,23,1,0,,,1,0,0,
8199977,Beautiful Mews house  London,43248680,Duncan,,Bromley,51.4195,0.06952,Private room,85,1,1,2015-09-24,0.01,1,0,0,
8205298,Culford Gardens,19554144,James,,Kensington and Chelsea,51.49082,-0.16144,Entire home/apt,250,1,0,,,1,0,0,
8317243,Open plan ground floor apartment,43848275,Arthur,,Hackney,51.54736,-0.04316,Entire home/apt,80,1,1,2016-01-02,0.01,1,0,0,
8419519,2 Bed Luxury Flat on Richmond Hill,44344631,Conn,,Richmond upon Thames,51.45344,-0.29845,Entire home/apt,500,2,0,,,1,365,0,
8480006,Eclectic Flat in the ‚ô•Ô∏è of Shoreditch,44117422,A&M,,Tower Hamlets,51.52207,-0.07331,Entire home/apt,89,4,49,2021-11-26,0.77,2,2,1,
8494414,Home  for Art Lovers set in Garden,26282658,Dan,,Richmond upon Thames,51.4574,-0.29834,Entire home/apt,332,3,58,2021-10-11,0.78,1,96,7,
8522451,Putney modern flat,37637619,Tatiana,,Wandsworth,51.45265,-0.19791,Entire home/apt,73,2,60,2020-01-03,0.8,1,9,0,
8834649,Double room 12 min from the tube,45076665,Katherina,,Waltham Forest,51.58887,-0.01895,Private room,36,3,85,2021-11-12,1.14,2,355,10,
8911594,4* Luxury Townhouse in Chelsea,46609345,William,,Kensington and Chelsea,51.48936,-0.18033,Entire home/apt,201,2,75,2019-09-21,1.01,2,0,0,
8932746,Lovely 2 bed at Garrick Street - CG09,33421573,Stayo,,Westminster,51.5118,-0.12667,Entire home/apt,256,1,91,2021-11-20,1.22,64,219,15,
8985477,Cosy Room close to Kings Cross 3,22164664,Luis And Iona,,Islington,51.52737,-0.11329,Private room,190,1,222,2021-11-30,3.0,8,0,10,
9111194,Spacious two bedroom flat overlooking the park,6580108,James & Sophie,,Lewisham,51.44686,-0.03662,Entire home/apt,85,2,58,2020-09-05,0.78,1,0,0,
9204740,buxton court,47859108,Chaney,,Islington,51.52885,-0.09524,Private room,50,2,0,,,1,0,0,
9285397,Islington Apartment,5723138,Lauren,,Islington,51.54356,-0.11522,Entire home/apt,75,5,10,2017-07-01,0.17,1,0,0,
9476800,Nice double room near King's Cross,49118759,Sara,,Islington,51.53762,-0.1179,Private room,47,3,0,,,1,0,0,
9658767,Modern and clean flat in London,49924640,Turchian,,Richmond upon Thames,51.45563,-0.30119,Entire home/apt,80,1,1,2016-01-05,0.01,1,0,0,
9744038,"Spacious, bright, & charming flat",50269743,Tariq,,Hammersmith and Fulham,51.50185,-0.23118,Entire home/apt,80,12,0,,,1,0,0,
9924192,Bel appartement au coeur de Londres,32059203,Guillaume,,Tower Hamlets,51.52186,-0.07632,Entire home/apt,125,1,0,,,1,0,0,
10080163,Perfect Studio in Camden,1600981,Shibu,,Islington,51.55127,-0.12613,Entire home/apt,89,2,0,,,1,0,0,
10370661,Lovely studio flat in Chelsea,23530465,Andy,,Kensington and Chelsea,51.49318,-0.2,Private room,45,1,0,,,1,0,0,
10408740,Trendy 2 bedroom flat in Shoreditch,7807701,Joseph,,Hackney,51.54002,-0.07955,Entire home/apt,148,2,6,2016-12-12,0.08,1,0,0,
10789982,Double Room 12 min to centre London,55823837,Antonio,,Lewisham,51.47544,-0.0315,Private room,50,1,0,,,1,365,0,
10816538,A trendy and homely apartment,40772427,Elisha,,Enfield,51.60897,-0.10806,Entire home/apt,100,3,0,,,2,73,0,
10914098,"3 bed family home, Queen's Park",33889201,Veeve,,Brent,51.54187,-0.20297,Entire home/apt,468,1,2,2018-10-27,0.03,845,1,0,
11003582,Massive room in Leicester Square +Free Breakfast,37467786,Wynn,,Westminster,51.5096,-0.12621,Private room,105,2,292,2021-12-02,4.18,2,316,24,
11006091,MARBLE ARCH INN (CENTRAL LONDON),57112121,Demos,,Westminster,51.51407,-0.16254,Private room,64,1,0,,,1,0,0,
11063475,Newly refurbished Victorian House,36804613,Nicholas,,Wandsworth,51.44107,-0.1585,Entire home/apt,300,1,0,,,1,0,0,
11278099,Bright airy Dbl Room in top floor apartment,58896883,Ross,,Wandsworth,51.47265,-0.17266,Private room,70,2,1,2018-09-23,0.03,1,90,0,
11766029,2 bed Victorian terrace close to Wimbledon tennis,19052631,Vicki,,Merton,51.42786,-0.19637,Entire home/apt,275,2,6,2019-07-08,0.09,1,0,0,
11891875,"Spacious, bright double room Brixton/Clapham",3930930,Liz,,Lambeth,51.45412,-0.12707,Private room,40,1,0,,,1,0,0,
11917546,Lovely roof conversion in warehouse,63590576,Sam,,Haringey,51.57554,-0.08985,Private room,33,1,0,,,1,0,0,
11938782,Sunny room in charming Hackney flat,61799337,Julia Marie,,Hackney,51.54848,-0.05404,Private room,25,2,7,2018-05-30,0.1,1,0,0,
12087145,Beautiful Apart. in Fulham/Chelsea,18104925,Rabih,,Hammersmith and Fulham,51.48014,-0.19365,Entire home/apt,163,7,45,2018-08-03,0.67,1,58,0,
12140520,Old Street Single room in lovely flat,4775,Sebastian,,Islington,51.5263,-0.08812,Private room,56,2,240,2021-11-11,3.48,7,329,10,
12225196,Luminous Penthouse appartment - Tower bridge,27010381,Paul,,Southwark,51.50364,-0.07535,Entire home/apt,150,2,0,,,1,0,0,
12324811,"Comfortable, stylish family home",66499817,Beth,,Hammersmith and Fulham,51.50996,-0.23944,Entire home/apt,150,5,0,,,1,0,0,
12484611,Large Double Room in East London,67173015,Jamie,,Newham,51.53073,-0.00702,Private room,30,1,1,2016-04-23,0.01,1,0,0,
12701341,"Bright,Airy apartment",1581419,Catherine,,Wandsworth,51.46391,-0.16215,Private room,345,1,0,,,1,365,0,
12852311,Big room in huge flat in Haggerston,41289215,Sabba,,Hackney,51.53637,-0.07654,Private room,27,1,2,2016-07-29,0.03,1,0,0,
12866729,Sunny flat in East London,14073834,Jerome,,Hackney,51.53939,-0.0538,Private room,40,20,0,,,1,0,0,
12942295,Large single room 20minutes from centre of London,71099985,Silvia,,Brent,51.54892,-0.22434,Private room,42,1,127,2021-11-27,1.89,1,336,13,
13035561,"Beautiful, light, central apartment",3988645,Hannah,,Islington,51.56561,-0.13214,Entire home/apt,90,2,19,2017-01-01,0.29,2,0,0,
13131313,Period two bed apartment,73134251,Simon,,Kingston upon Thames,51.42675,-0.3056,Entire home/apt,85,5,57,2019-07-15,0.87,1,0,0,
13135584,Central.  Italian hospitality,46374187,Joe,,Brent,51.53953,-0.19779,Private room,90,2,0,,,1,178,0,
13280212,Cosy Bethnal Green flat with the best view in town,1660271,Luar,,Tower Hamlets,51.52738,-0.06171,Entire home/apt,64,7,1,2016-08-21,0.02,1,0,0,
13357432,Private room & personal bathroom,47364517,Matthew & Ally,,Haringey,51.59357,-0.13972,Private room,80,1,79,2021-11-14,1.18,1,215,3,
13445544,"Family Home, London N3, Close to Tube",26462344,Jonny,,Barnet,51.59557,-0.1854,Entire home/apt,140,6,0,,,1,0,0,
13463318,Modern 2 bed home 15mins to Cntrl London with cat!,13000794,Ed And Jane,,Lewisham,51.46284,-0.01886,Entire home/apt,81,4,1,2016-10-02,0.02,1,0,0,
13501065,The Fitzrovia Central Apartment,22080889,Giudas William,,Westminster,51.51821,-0.14057,Private room,72,2,140,2019-10-16,2.11,2,0,0,
13557685,Cosy double room Seven Sisters,13731554,Pascale,,Haringey,51.58297,-0.07912,Private room,33,2,3,2017-07-23,0.05,1,0,0,
13587755,"Quiet & cosy Putney house, nr the river & High St.",20839407,Patrick,,Wandsworth,51.46307,-0.21958,Entire home/apt,79,7,2,2017-12-31,0.04,1,0,0,
13642752,Sparkling clean lrg ensuite dbl bedroom - Chiswick,58681790,Georgie,,Hounslow,51.49183,-0.27911,Private room,60,1,123,2020-03-14,1.86,3,9,0,
13729392,3 bedroom family house in East Putney with garden,17590681,Sophie,,Wandsworth,51.45544,-0.20108,Entire home/apt,130,3,0,,,1,0,0,
13745959,Lux Private Bedroom near Central London,80495965,Ivana,,Wandsworth,51.45984,-0.16598,Private room,45,1,187,2020-03-17,2.83,1,0,0,
13806334,Lovely twin room near Wimbledon tennis,78409444,Lucy,,Wandsworth,51.43969,-0.21841,Private room,48,1,25,2021-11-25,0.4,3,148,5,
13814504,Eccentric yet cozy 1 bedroom apartment,81335999,James,,Croydon,51.37426,-0.08422,Entire home/apt,45,14,0,,,1,0,0,
13826971,Charming 3 bed house in Chalk Farm (London NW5),28746949,Geraldine,,Camden,51.5482,-0.15328,Entire home/apt,159,14,37,2021-08-04,0.56,2,166,5,
14137784,1 West View - Cottage,85323239,Magnus,,Camden,51.5668,-0.14537,Entire home/apt,280,3,13,2018-07-08,0.2,1,78,0,
14572336,Beautiful spacious 1 bedroom flat with balcony,14314315,Mindaugas,,Islington,51.53691,-0.0891,Entire home/apt,100,1,0,,,1,0,0,
14836659,Stunning river views in beautiful Chelsea flat!,50382446,Lucy,,Kensington and Chelsea,51.48192,-0.1786,Private room,34,1,18,2019-05-15,0.34,2,0,0,
15142942,East London Flat : Broadway Market,29553197,Elle,,Hackney,51.53592,-0.06227,Entire home/apt,120,3,33,2021-12-08,0.74,2,184,10,
15155359,Luxury Apartment Regents Park Central London,29160743,Zahra,,Camden,51.53867,-0.14979,Entire home/apt,190,5,1,2016-09-26,0.02,1,0,0,
15340247,Modern & stylish 1 bedroom apartment,97597550,Jay,,Wandsworth,51.46762,-0.15859,Entire home/apt,109,1,23,2017-07-30,0.37,1,0,0,
15830141,"Double ensuite - newbuild, luxury, just for you",9513393,Anna,,Waltham Forest,51.56842,-0.00953,Private room,125,2,8,2019-06-30,0.19,3,0,0,
15868941,Cosy bright Flat with a nice sharing space,102868551,Cristina,,Ealing,51.50106,-0.38529,Shared room,25,2,0,,,1,54,0,
15934578,Central Flat. Balcony. Parliament. Riverside. Gym,4185532,Mona,,Lambeth,51.48577,-0.12486,Entire home/apt,135,4,6,2021-11-02,0.1,1,364,4,
15987247,Nice and calm room to relax,90277845,Mostafa,,Southwark,51.46554,-0.05815,Private room,35,3,0,,,2,0,0,
16093376,double bed,103805316,Suzi,,Ealing,51.52361,-0.25465,Private room,35,7,0,,,1,0,0,
16118916,Elegant and Chic Open Plan Loft Apartment,92475227,Mark,,Islington,51.52524,-0.10906,Entire home/apt,120,2,21,2017-04-24,0.35,1,0,0,
16153271,"Spacious, quiet and light three-bed flat in Camden",105426925,Anna,,Camden,51.54738,-0.14955,Entire home/apt,90,3,24,2021-05-31,0.4,1,0,1,
16331881,Lovely Apartment With Balcony Near Little Venice,8026352,Eden,,Westminster,51.52768,-0.19224,Entire home/apt,60,2,2,2017-07-20,0.03,1,0,0,
16365885,Brand new spacious luxury flat - Central London,19804268,Amy,,Southwark,51.50216,-0.03778,Entire home/apt,88,2,4,2018-05-18,0.07,3,0,0,
16397301,A Charming Victorian Home Walk to London Bridge!,13770205,Stephen,,Southwark,51.49143,-0.0813,Entire home/apt,106,30,61,2021-08-01,1.05,32,154,2,
16648005,"Lovely Double Ensuite, Private Entrance, Garden :)",27582220,Byron,,Brent,51.53552,-0.21736,Private room,49,2,79,2018-10-22,1.32,1,0,0,
16838198,A cosy flat inc everything you need with parking,87681278,Conor,,Hounslow,51.45638,-0.33712,Entire home/apt,59,2,2,2017-06-11,0.04,1,0,0,
16857193,Cosy Cute & Warm Flat,1995653,Toby,,Enfield,51.61079,-0.12115,Entire home/apt,79,5,7,2018-06-09,0.12,1,0,0,
16909113,Single room near kings cross,35261472,Wanyu,,Camden,51.527,-0.12705,Private room,55,2,0,,,1,0,0,
16909230,"Smart 4 bedroom, 3.5 bath, 3 floor +private garage",77455943,Cindy,,Westminster,51.51596,-0.18063,Entire home/apt,368,5,18,2021-11-29,0.32,8,74,7,
16968463,Wanderlust room: private room ideal for explorers,48543864,Ana,,Southwark,51.47915,-0.08897,Private room,73,2,92,2020-02-19,1.65,6,256,0,
17274811,Budget accommodation 4,8312717,Nicky,,Ealing,51.50678,-0.26619,Private room,49,1,195,2021-11-28,3.34,6,337,21,
17296930,Arty Loft in a 120-Year-Old Building in Central Shoreditch,56439968,Branca,,Tower Hamlets,51.52419,-0.0743,Entire home/apt,178,1,42,2021-11-21,0.77,9,323,12,
17326019,Cozy double room zone 2 london,111515530,A,,Brent,51.54922,-0.23008,Private room,31,1,4,2017-03-15,0.07,2,0,0,
17569436,The railway home,119293160,Besley,,Wandsworth,51.41997,-0.14028,Private room,55,1,0,,,1,0,0,
17618552,Charming Spacious Room central London E1,88569660,Lily,,Tower Hamlets,51.51782,-0.05554,Private room,54,1,45,2021-12-08,0.78,2,84,20,
17700664,"1 Stop From Kings Cross, Rooftop Garden Apartment",523246,Francesca,,Islington,51.54903,-0.10609,Private room,50,3,3,2020-10-13,0.06,2,32,0,
17974566,Modern one bedroom flat in Baker St 2/91GP,105095331,Justina,,Westminster,51.51989,-0.15781,Entire home/apt,142,7,0,,,8,0,0,
18027847,Spacious Double Room 2 minutes from overground,16571254,Sanne,,Ealing,51.51117,-0.26484,Private room,22,1,0,,,1,0,0,
18090524,*BEAUTIFUL* refurbished apartment in Kensington,5486613,Niels,,Kensington and Chelsea,51.51887,-0.22543,Entire home/apt,95,2,34,2019-08-29,0.6,1,0,0,
18186852,Family Studio Sleeps 5 Next To Museums CF1,120618758,Hiten,,Kensington and Chelsea,51.49396,-0.18698,Entire home/apt,103,2,84,2020-10-28,1.49,13,0,0,
18224323,Bright 1 bedroom Bayswater/Queensborough Terrace.,83740964,Ali,,Westminster,51.51341,-0.18666,Entire home/apt,99,2,46,2021-11-08,0.83,124,131,1,
18387801,King size room with ensuite in heart of old street,16814294,Elliot,,Islington,51.52822,-0.09291,Private room,47,1,1,2017-05-13,0.02,1,0,0,
18643432,Spacious Double Bedroom in Edwardian flat - SW20,129538934,Emma,,Merton,51.41307,-0.23415,Private room,40,4,0,,,1,0,0,
18678502,Lovley studio flat in willesden green NW2!!!,57989340,Gareth,,Brent,51.54903,-0.22513,Entire home/apt,40,2,4,2021-11-23,0.07,43,15,1,
18725903,"Bright Double bedroom, 5 mins to tube, sw19",67500800,Maria I,,Merton,51.41721,-0.16805,Private room,25,2,8,2017-08-03,0.15,3,0,0,
18773665,Double room on ground floor for mid week stays,74019024,Sophie,,Camden,51.54169,-0.14206,Private room,40,2,4,2017-07-06,0.07,1,0,0,
18782767,A lovely Room,18086681,Ahmed,,Islington,51.5466,-0.12481,Private room,51,1,13,2017-12-04,0.24,2,84,0,
18969636,Double room with private bathroom,11848185,Ruchira,,Hounslow,51.46129,-0.37602,Private room,38,1,74,2021-11-14,1.39,3,357,5,
18983109,A Beautiful Cosy 2-Bed in Clapham Junction,132020069,Katherine,,Wandsworth,51.46108,-0.18111,Entire home/apt,103,2,8,2017-07-25,0.15,1,0,0,
19100249,Light & spacious home steps from Wimbledon Park,34570083,Fran,,Wandsworth,51.43946,-0.20464,Entire home/apt,164,2,1,2020-01-08,0.04,1,0,0,
19155975,Large room with garden and your own bathroom,698584,Andrey,,Tower Hamlets,51.51097,-0.03187,Private room,39,1,41,2019-10-04,0.78,3,0,0,
19467124,Double bedroom in modern central London apartment,2610153,Charles,,Islington,51.5366,-0.12076,Private room,40,2,79,2019-05-12,1.47,1,0,0,
19545267,Gorgeous flat with stunning views over London,7296654,Eleanor,,Islington,51.56928,-0.13332,Entire home/apt,85,21,1,2017-12-28,0.02,1,0,0,
19566845,"Luxury One Bed - Near O2 Arena, Blackheath",16317033,Scott,,Greenwich,51.47835,0.01902,Entire home/apt,156,2,71,2021-11-30,1.33,1,336,8,
19569856,2 bedroom apartment with stunning reservoir views,3671268,Milly,,Hackney,51.56706,-0.0924,Entire home/apt,57,4,10,2019-08-23,0.19,1,0,0,
19736341,"Double Bedroom in lovely bright, modern flat.",14790238,Anna,,Enfield,51.61056,-0.07025,Private room,38,2,64,2020-03-09,1.24,1,64,0,
19835759,Amazing and large 2 bedroom apartment - long stays,119463580,Jean,,Hackney,51.52634,-0.08087,Entire home/apt,185,15,0,,,37,176,0,
19881646,Modern Victorian Kennington,7017012,Catherine,,Lambeth,51.49172,-0.11043,Entire home/apt,99,2,3,2017-09-15,0.06,2,0,0,
19886044,Spare bedroom with own private bathroom in Poplar,140752659,Maria,,Tower Hamlets,51.5161,-0.02095,Private room,50,7,0,,,1,0,0,
19889129,Entire house in Stoke Newington,3461584,Caroline,,Hackney,51.56112,-0.07925,Entire home/apt,90,2,18,2018-06-04,0.34,1,0,0,
20030052,Brand New Studio Flat close to Central London,31650866,Stefan,,Camden,51.5445,-0.17684,Entire home/apt,69,2,0,,,1,0,0,
20071920,Perfect London base: Flat & garden near Victoria.,142668544,Jonathan,,Westminster,51.48756,-0.13714,Entire home/apt,50,1,10,2020-02-16,0.19,1,0,0,
20090931,"Cosy 1 Bedroom flat with Amazing View, Sleeps 3",102722072,Olga,,Southwark,51.49423,-0.03396,Entire home/apt,83,2,24,2021-04-02,0.46,1,6,4,
20511903,Ivy | Donne Place | Pro-Managed,10961046,Ivy,,Kensington and Chelsea,51.49464,-0.16641,Entire home/apt,462,5,5,2021-07-31,0.14,67,257,1,
20515941,GREAT double room in a spacious townhouse,146469405,Alexander,,Wandsworth,51.46509,-0.1548,Private room,21,3,1,2017-09-08,0.02,1,0,0,
20669304,Apartment in leafy Hampstead,142485163,Josu,,Camden,51.55753,-0.18626,Private room,200,14,2,2017-09-29,0.04,1,83,0,
20792535,Cosy private bedroom in trendy Stoke Newington,44846440,Simone,,Hackney,51.55753,-0.08625,Private room,36,3,0,,,1,0,0,
20797744,Riverview Room in one bedroom apartment,149100268,Marzena,,Wandsworth,51.47002,-0.17664,Private room,100,3,0,,,1,0,0,
20844051,Double room on Brick Lane,22159377,Amelia,,Tower Hamlets,51.51732,-0.07204,Private room,60,6,69,2020-03-15,1.36,2,0,0,
20950129,"London City Centre, 4 Bedrooms with Amazing Views!",6875353,Nathan,,Tower Hamlets,51.51644,-0.07319,Entire home/apt,239,2,35,2019-11-21,0.7,8,0,0,
21131581,LUXURY in Central London - Marylebone & Selfridges,63620122,Kaisar,,Westminster,51.51414,-0.15013,Entire home/apt,265,8,9,2021-09-14,0.24,2,50,3,
21277033,"2 bed flat, shepherds bush, london",114327438,Sarah,,Hammersmith and Fulham,51.50363,-0.21743,Entire home/apt,88,1,2,2017-10-22,0.04,1,0,0,
21317696,Elegant 3 Bed 4 Bath South Kensington Home,150125438,Tom,,Kensington and Chelsea,51.49513,-0.18016,Entire home/apt,339,2,88,2021-11-21,1.9,3,327,41,
21348750,All the comforts of home,1724530,Samuel,,Hammersmith and Fulham,51.48051,-0.20521,Entire home/apt,237,1,6,2019-06-19,0.12,1,0,0,
21448170,Lovely Double Room in shared Multicultural Home,146721472,Sue,,Havering,51.60066,0.16456,Private room,39,1,13,2020-10-31,0.26,2,158,0,
21475119,Bargain Central London Apartment With Doorman,155890959,Alessio,,Westminster,51.51474,-0.16428,Entire home/apt,150,3,20,2020-03-14,0.42,1,89,0,
21640133,Instagram Favorite West End Family & Friends Townhouse,255675,Peter And Jenny,,Westminster,51.51326,-0.18645,Entire home/apt,553,3,45,2021-10-20,0.92,3,54,3,
21725560,Pleasant Earl's Court Apartment near Hyde Park,105564995,UnderTheDoormat,,Kensington and Chelsea,51.48885,-0.19129,Entire home/apt,161,1,6,2021-10-16,0.21,45,16,2,
21744572,Beautiful Flat for a couple. Hyde Park - London,10501932,Jorge,,Westminster,51.51455,-0.16505,Entire home/apt,112,3,4,2018-06-04,0.08,1,0,0,
21780105,"Lovely twin/double room in spacious house,  London",46838828,Anne,,Hackney,51.57022,-0.08015,Private room,55,3,9,2020-02-28,0.19,1,365,0,
21812186,Beautiful Private Double Room- Shoreditch/Hackney,48939773,Alicia,,Tower Hamlets,51.53389,-0.05426,Entire home/apt,102,2,0,,,2,0,0,
21815208,üåá Exclusive Apartment Central London for VIPS ‚úàÔ∏è,155268280,Amy,,Southwark,51.50309,-0.09869,Entire home/apt,215,2,83,2021-12-06,1.68,6,70,24,
21832694,Modern 2 bedroom house near Parliament/ London Eye,16453696,Sarah,,Lambeth,51.49342,-0.10513,Entire home/apt,203,5,119,2021-11-27,2.49,1,281,20,
21945480,(5) Elegant 1 Bed in Canary Wharf w/ River Views,157242965,Sandy And Juan,,Tower Hamlets,51.49752,-0.01853,Entire home/apt,125,2,27,2019-01-27,0.55,24,286,0,
21998186,Modern Flat in the Heart of Shoreditch Triangle,10586615,Daniel,,Hackney,51.5273,-0.07877,Private room,30,2,2,2017-12-16,0.04,1,0,0,
22095286,Luxury 7th floor family flat with Chelsea views,42653212,Nell Gwynn Chelsea Accommodation,,Kensington and Chelsea,51.4915,-0.1654,Hotel room,189,3,2,2020-01-03,0.07,45,295,0,
22190477,"Victorian, stylish 1 bed flat in heart of Hackney",13000646,Charlotte,,Hackney,51.55159,-0.04786,Entire home/apt,81,2,7,2021-11-28,0.15,1,0,6,
22256511,Modern flat with views of London skyline,162580987,Irene,,Hackney,51.54602,-0.07345,Entire home/apt,65,1,4,2018-02-16,0.08,1,0,0,
22258923,Double Ensuite - 'home away from home',150858953,Melvin,,Greenwich,51.48755,0.09966,Private room,30,3,61,2021-12-06,1.31,3,9,7,
22316019,Cozy room,125550588,Maru,,Tower Hamlets,51.52113,-0.05521,Private room,33,1,2,2018-01-14,0.04,1,0,0,
22335762,Huge Glamorous Penthouse with Stunning Olympic Park Views,5218685,Raf,,Newham,51.54667,-0.01349,Entire home/apt,455,3,68,2021-09-27,1.42,7,342,7,
22389057,Private room 35 mins bus ride to Central London,5852629,Ashkan,,Barnet,51.56911,-0.2185,Hotel room,25,3,92,2020-03-09,1.92,3,0,0,
22459490,"Stylish, high spec 2 bed house. Kings X 20mins.",2689849,Matt,,Haringey,51.59026,-0.07799,Entire home/apt,150,1,0,,,3,72,0,
22482444,Double room in Battersea,505450,Abs,,Wandsworth,51.47306,-0.15097,Private room,30,1,0,,,1,0,0,
22500232,Paddington 3 Bed 2 Bath A/C Apartment 440,104125563,Danny,,Westminster,51.52015,-0.17624,Entire home/apt,250,28,1,2018-01-02,0.02,20,337,0,
22525701,Stylish room 2 minutes away from Old Street tube,34166084,Clara,,Hackney,51.52882,-0.08878,Private room,32,1,1,2018-01-14,0.02,1,0,0,
22632260,Bright and quiet double bedroom in East London,18089115,Alessandro,,Tower Hamlets,51.52813,-0.06927,Private room,53,1,3,2019-01-23,0.06,1,0,0,
22760964,Poplar Grove by onefinestay,156158778,Onefinestay,,Hammersmith and Fulham,51.50142,-0.2239,Entire home/apt,1109,5,0,,,103,9,0,
22779149,Beautiful 1 Bed Notting Hill Flat Near Tube,19175261,Nathalie,,Kensington and Chelsea,51.51666,-0.21171,Entire home/apt,110,3,19,2020-01-02,0.41,1,0,0,
22903218,Light and spacious period home with garden,151066238,Chloe,,Southwark,51.4795,-0.10435,Entire home/apt,159,3,12,2020-09-18,0.26,1,0,0,
22998262,Spacious & bright 2 bedroom with mezz and balcony,15222102,Francesco,,Southwark,51.50054,-0.07472,Entire home/apt,98,3,2,2018-09-30,0.05,2,0,0,
23127458,"Extra Large Room, kid/pet friendly, cordial owner",58134938,Tati,,Richmond upon Thames,51.46369,-0.2713,Private room,40,1,12,2019-07-07,0.29,1,65,0,
23227018,"HAGGERSTON HIDEOUT Vivid Retro Pad w/Piano,Terrace",9932633,Helen,,Hackney,51.53686,-0.07102,Entire home/apt,103,2,43,2019-01-04,0.93,1,0,0,
23261330,"4 bed house with garden, 30 mins to central London",33889201,Veeve,,Lambeth,51.43942,-0.10791,Entire home/apt,380,1,1,2019-12-26,0.04,845,0,0,
23279657,spacious sunny 3 bedroom flat in central london,6509147,Louise,,Islington,51.55464,-0.09115,Entire home/apt,120,4,3,2018-08-16,0.07,1,0,0,
23288888,Brand New 1 Bedroom Apartment Hyde Park,135183031,Karim,,Westminster,51.51591,-0.16474,Entire home/apt,235,7,29,2020-03-02,0.63,9,320,0,
23301778,Ideal 4BR with gorgeous garden in Highbury (Veeve),137094377,Veeve,,Islington,51.55965,-0.09623,Entire home/apt,303,4,0,,,250,0,0,
23318482,Fantastic 2 Double Bedroom Flat in Queensway,11145311,Mark,,Westminster,51.51174,-0.18609,Entire home/apt,100,1,0,,,1,0,0,
23340313,Stunning Mayfair 3 Bed ¬£8 million AC Free WiFi,31066062,Robert,,Westminster,51.50936,-0.1407,Entire home/apt,545,3,31,2021-11-08,0.69,8,191,8,
23463005,"3 Bed house, Knightsbridge",137094377,Veeve,,Kensington and Chelsea,51.49368,-0.16625,Entire home/apt,690,3,0,,,250,0,0,
23674020,Lovely flat in Chelsea,145651109,Emilia,,Kensington and Chelsea,51.48224,-0.18483,Private room,45,2,1,2018-08-06,0.02,1,71,0,
23708766,"Private room in artist's flat, West London",8155901,James,,Hammersmith and Fulham,51.49992,-0.24132,Private room,40,1,63,2021-12-07,1.41,2,73,2,
23761279,Pet Lovers‚Äô Home-Small Ensuite Double Nx Hyde Park,178208748,Sophie,,Westminster,51.51118,-0.18007,Private room,49,3,50,2020-01-03,1.1,1,0,0,
23893567,One Bed Flat with Balcony + River Views SE16,61947020,Beth,,Southwark,51.50451,-0.04596,Entire home/apt,41,2,21,2020-08-25,0.58,1,0,0,
23989054,Double bedroom,111285452,Colin,,Hounslow,51.47331,-0.38685,Private room,35,1,1,2018-08-16,0.02,3,178,0,
24261746,Lovely one bed flat near West Hampstead,73255982,Charlotte,,Camden,51.55434,-0.20887,Entire home/apt,95,7,0,,,1,342,0,
24333408,HYDE PARK APARTMENT,73564667,Gianni,,Westminster,51.51368,-0.18496,Entire home/apt,259,2,17,2020-01-25,0.47,5,99,0,
24344920,Cosy Home,99158393,Anita,,Camden,51.54752,-0.2016,Shared room,35,2,1,2018-04-20,0.02,1,358,0,
24385110,"Charming 2BR in the heart of Marylebone, by Veeve",33889201,Veeve,,Westminster,51.52099,-0.16131,Entire home/apt,507,1,2,2019-01-02,0.05,845,0,0,
24543063,Heath Park Court,23670324,Cheng,,Havering,51.5767,0.19495,Private room,26,1,4,2019-04-30,0.09,1,0,0,
24735277,Central London apartment near holborn,186993140,Bin,,Camden,51.52009,-0.11092,Entire home/apt,150,1,9,2018-10-18,0.21,2,0,0,
24787100,Studio for 2 close to Euston Station,43754868,Silvia,,Camden,51.52948,-0.13377,Entire home/apt,81,3,9,2020-03-12,0.22,26,1,0,
24809567,"CAMDEN. Cozy, cute & bright double room!!",178932506,Marta,,Camden,51.53371,-0.13587,Private room,28,120,10,2018-07-09,0.23,2,0,0,
24877223,Room in family home in Ealing Broadway double bed,61358110,Ruth& Alex,,Ealing,51.51443,-0.29931,Private room,31,2,19,2019-05-11,0.44,3,0,0,
24880026,Chelsea Green entire 1 bedroom flat self contained,188094740,Lucinda,,Kensington and Chelsea,51.49147,-0.1711,Entire home/apt,135,1,110,2021-12-05,2.54,1,340,11,
24982535,Leyton East London Room with a view - 1 guest,24514995,Lanka,,Waltham Forest,51.56413,-0.00418,Private room,18,7,4,2021-05-13,0.09,2,32,1,
25129647,"Four Bed Central London, Camden Town",189928876,Robert,,Camden,51.53929,-0.14223,Entire home/apt,160,2,0,,,1,0,0,
25182929,Modern 1 Bed Flat - East Putney-10 mins to Station,12173037,Harrison,,Wandsworth,51.45839,-0.20149,Entire home/apt,60,3,2,2018-06-23,0.05,2,0,0,
25224522,Modern apartment 12 minutes to Buckinham Palace.,163893089,Antonio,,Wandsworth,51.46638,-0.16695,Entire home/apt,158,2,27,2020-02-20,0.63,1,0,0,
25244543,Immaculate 2 Bed/2 Bath House in West Hampstead,190241049,Mumtaz,,Camden,51.54842,-0.19361,Entire home/apt,173,2,3,2019-03-03,0.07,1,0,0,
25356409,Approachable,191478917,Francis,,Merton,51.40995,-0.22624,Private room,50,2,7,2019-05-30,0.17,1,0,0,
25408064,Golden rm Twickenham DBL bed -shared bath,190631178,Daisy,,Hounslow,51.46173,-0.33548,Private room,35,2,10,2019-05-05,0.24,3,0,0,
25479979,Double Bedroom in lovely green Forest Hill,192307322,Joseph,,Lewisham,51.44294,-0.05842,Private room,40,2,4,2018-08-25,0.09,1,0,0,
25537616,Westminster Cathedral | Central Quiet Apartment,10548134,David,,Westminster,51.49642,-0.13787,Entire home/apt,120,4,18,2020-02-10,0.46,25,0,0,
25725042,Luxury modern house in heart of London,100421202,Vijay,,Ealing,51.51642,-0.25801,Entire home/apt,210,10,5,2019-08-19,0.12,1,0,0,
25942988,"3 bedroom (sleeps 6) family home, Nunhead/Peckham",37709804,Sam,,Southwark,51.46937,-0.05646,Entire home/apt,140,4,13,2020-01-03,0.31,2,333,0,
26120791,Spacious Balcony Room - 15m to Winter Wonderland!,73163546,Abbie,,Westminster,51.53076,-0.18641,Private room,50,22,53,2021-07-24,1.26,5,46,5,
26354132,Lower Sloane Street,81821090,Charles,,Kensington and Chelsea,51.49008,-0.15568,Entire home/apt,150,4,35,2019-08-26,0.85,1,0,0,
26404344,Lovely 2 Bedroom Flat in Clapham,198384768,Margolyes,,Lambeth,51.46549,-0.14593,Entire home/apt,100,2,0,,,1,0,0,
26407488,2 bedroom with 2 single rooms - heart of the city,198568388,Byng Place,,Camden,51.52313,-0.13153,Entire home/apt,223,1,2,2020-11-02,0.07,12,106,0,
26702218,"Comfy home with balcony, excellent location.",156709136,Leyla,,Islington,51.55865,-0.09266,Private room,50,2,11,2019-08-09,0.27,1,1,0,
26711277,Modern Family home in South East London - Nunhead,221008,Maru,,Southwark,51.46465,-0.05586,Entire home/apt,90,2,12,2020-02-23,0.31,1,0,0,
26866117,"Tower Bridge 3 mins, Modern Double Room with View",201387646,Pei Hsuan,,Southwark,51.50374,-0.08046,Private room,60,1,0,,,2,0,0,
26938013,Lovely 3 bed garden flat-short trip to Kings Cross,37408855,Presley,,Islington,51.54038,-0.12015,Entire home/apt,106,2,2,2018-08-26,0.05,2,0,0,
27050023,Sunny Secret Garden Large London One Bedroom,23234040,Home Host,,Lambeth,51.46155,-0.12459,Entire home/apt,89,3,3,2018-12-22,0.07,51,0,0,
27057852,Spacious twin room in a welcoming family home,106603030,Devika,,Sutton,51.37627,-0.19227,Private room,80,2,0,,,2,177,0,
27126686,"Cozy flat in Victoria Park, E9",77488527,Aisha,,Hackney,51.54498,-0.03632,Private room,157,10,0,,,1,0,0,
27397602,1 Bed Flat - 2 mins to Station + 100MB Wi-Fi,51835291,Nasir,,Barking and Dagenham,51.54173,0.08438,Private room,47,5,20,2020-12-31,0.5,5,52,1,
27561753,Stunning 3 Bed Apartment on Portobello Road,81930430,Pushaun,,Kensington and Chelsea,51.51893,-0.20706,Entire home/apt,171,2,24,2019-04-14,0.6,2,0,0,
27570612,Prime Location: Stunning Lovely 1 Bed Flat Belsize,207971046,Elise,,Camden,51.54906,-0.1653,Entire home/apt,107,3,36,2021-06-08,0.92,1,354,7,
27581736,London Chic Double Room By Wembley Stadium,91018982,Jane,,Brent,51.55973,-0.27601,Private room,69,1,3,2019-07-21,0.07,2,168,0,
27598487,Double room with large desk in lovely Hackney,206095491,Alesia,,Hackney,51.55266,-0.04916,Private room,29,1,88,2021-11-21,2.2,6,82,14,
27656489,Room in artistic Warehouse free parking,152238977,Claire,,Haringey,51.57536,-0.09085,Private room,70,1,0,,,1,0,0,
27672320,Stylish Flat with High-End Accents in Hip Hackney,6496079,Robert,,Hackney,51.54369,-0.02743,Entire home/apt,131,2,4,2021-12-05,1.13,1,128,4,
27699063,London -nice private room in friendly quiet house,81114248,Paul,,Brent,51.54978,-0.22458,Private room,49,2,49,2021-09-03,1.25,1,0,3,
27744116,"Splendid, Design 1 Bed apt in Hampstead",15348787,Arielle,,Camden,51.55362,-0.17312,Entire home/apt,167,2,51,2021-11-28,1.31,2,158,13,
27808094,Spacious Brick Lane Apartment,53257730,Nick,,Tower Hamlets,51.52374,-0.06716,Entire home/apt,163,2,46,2021-11-14,1.15,1,23,3,
27849322,Double room in Anerley- females only,65695409,Ayesha,,Bromley,51.40509,-0.06471,Private room,20,5,13,2019-09-16,0.32,1,0,0,
27868923,Charming apartment in the heart of Notting Hill,16866073,Christina,,Kensington and Chelsea,51.51407,-0.20612,Entire home/apt,90,3,2,2018-10-23,0.05,1,0,0,
27917121,Double room in Battersea Park,201231128,Lucas,,Wandsworth,51.47286,-0.14713,Private room,35,5,1,2018-09-23,0.03,1,0,0,
28117503,Near Colliers Wood and Wimbledon,33772560,H,,Merton,51.41463,-0.16947,Private room,30,1,2,2018-09-12,0.05,1,0,0,
28184307,Spacious room close to stanmore station.,88538776,Salman,,Harrow,51.614,-0.30487,Private room,18,1,11,2021-11-15,0.28,3,253,6,
28249085,Greater London Cozy House,213363635,Alan,,Southwark,51.48858,-0.06079,Shared room,55,1,0,,,1,0,0,
28252200,"Colorful, Vibrant Apartment in Bermondsey",213382302,Jessica,,Southwark,51.49749,-0.07224,Entire home/apt,159,3,48,2021-02-17,1.22,1,280,1,
28339674,Double room,175826159,Nader,,Waltham Forest,51.58316,-0.00133,Private room,33,2,0,,,2,342,0,
28654405,Stylish and Spacious 1 Bedroom Apartment,56024082,Barbara,,Hammersmith and Fulham,51.4668,-0.19196,Entire home/apt,103,2,1,2018-10-05,0.03,1,0,0,
28825689,Beautifully renovated 2 bedroom Notting Hill flat,37429612,Christine,,Kensington and Chelsea,51.50738,-0.19719,Entire home/apt,209,3,39,2021-11-30,1.01,1,57,9,
28832994,‚Ä¢MangoHausLondon‚Ä¢ ‚Ä¢airconditioned‚Ä¢garden‚Ä¢fire pit‚Ä¢,2922241,Marike,,Lewisham,51.49002,-0.04598,Entire home/apt,250,2,30,2021-11-06,0.78,1,325,10,
28838441,32nd Floor Apartment in Beautiful Tower,204281901,Samson,,Croydon,51.37999,-0.0999,Entire home/apt,205,5,2,2021-11-24,0.68,8,338,2,
29298347,Nice and well located flat in Clapham Junction,117604751,Chris,,Wandsworth,51.46133,-0.18199,Entire home/apt,80,3,3,2021-07-19,0.08,1,37,1,
29327571,Amazing Canary Wharf Apartment,165600031,Alina,,Tower Hamlets,51.50208,-0.01882,Entire home/apt,140,2,26,2020-03-03,0.69,1,0,0,
29358893,Entire house w'amazing amenities. 12min to London,96548394,Reena,,Barnet,51.55919,-0.20923,Entire home/apt,135,3,2,2019-01-01,0.06,1,0,0,
29563802,"Top floor of House- 2 rooms, 2bathrooms-Trendy E17",222577315,Evelyn,,Waltham Forest,51.58269,-0.00485,Private room,70,1,0,,,3,283,0,
29775612,"Large, Bright DOUBLE Room in Acton",224022556,Kam,,Ealing,51.51083,-0.26579,Private room,58,5,28,2021-09-29,0.75,1,90,1,
29797899,Exclusive Large and Spacious private Studio,167547142,Tony/Min,,Hounslow,51.46701,-0.40133,Private room,79,1,165,2020-07-09,4.54,1,0,0,
29853177,Bright and Stylish 2 Bedroom Flat in West London.,85634532,Issy,,Hammersmith and Fulham,51.50309,-0.22895,Entire home/apt,94,2,33,2020-02-21,0.88,1,0,0,
30007226,"Spacious home for families, close to the train",33889201,Veeve,,Wandsworth,51.45798,-0.18691,Entire home/apt,737,1,0,,,845,0,0,
30139870,Stunning 5-bed house available for New Year,73720550,Lindsay,,Lambeth,51.45686,-0.10028,Entire home/apt,390,3,1,2018-12-28,0.03,2,0,0,
30309416,"Stylish 2 Bed Apt., Clapham Junction, 9 min to Stn",227135759,Kay,,Wandsworth,51.45888,-0.1717,Entire home/apt,145,2,17,2021-08-30,0.47,1,354,7,
30335074,Heart of Camden 2 minutes from station!,163577058,Iwona,,Camden,51.5371,-0.14515,Entire home/apt,130,2,53,2021-08-07,1.45,5,203,3,
30373351,Single,41710657,Alina,,Lewisham,51.44994,0.01379,Private room,30,3,0,,,1,363,0,
30415048,Serene Surroundings - King Size 1 Bed Ensuite,227138460,Bella,,Kingston upon Thames,51.37874,-0.26221,Private room,43,2,168,2021-12-06,4.61,1,69,68,
30494938,"Bed 1 - Lovely South London home, private bathroom",74818474,Joanna,,Sutton,51.35586,-0.17171,Private room,50,2,18,2021-11-28,0.55,2,320,8,
30499561,Double in Gorgeous period flat in leaf W London,25841347,Rebecca,,Hammersmith and Fulham,51.50405,-0.25142,Private room,35,1,4,2019-02-22,0.12,1,0,0,
30521626,Double Room in Luxury 3 bed flat (301IC Room 2),28562952,Leanne,,Tower Hamlets,51.49748,-0.02019,Private room,60,4,1,2018-12-22,0.03,4,0,0,
30763013,Beautiful and Spacious 2 Bedroom Flat with Garden,35294091,Sarah & Chris,,Wandsworth,51.42772,-0.15384,Entire home/apt,80,2,5,2019-12-27,0.14,1,0,0,
30810434,Stunning Penthouse Property in Pimlico,226809093,Ursula,,Westminster,51.49191,-0.13181,Entire home/apt,359,3,2,2019-12-08,0.07,1,0,0,
30856908,Modern Apt in Heart of City with Amazing Dock View,102107245,Ayca,,Southwark,51.49418,-0.03655,Entire home/apt,75,5,0,,,2,0,0,
31084464,Warehouse conversion,30048638,Jack,,Waltham Forest,51.57523,-0.03872,Entire home/apt,89,3,0,,,2,83,0,
31087595,;,229732770,Sarah,,Hounslow,51.49307,-0.27309,Private room,45,2,9,2019-09-23,0.26,1,0,0,
31141775,Joyful Kensington Studio,226472167,Billie And Max,,Kensington and Chelsea,51.5054,-0.19351,Entire home/apt,96,1,162,2021-02-13,4.62,19,0,17,
31381512,Spacious 3 Bedroom/3 Bathroom Home with garden,28748585,Russell,,Brent,51.5448,-0.2066,Private room,208,2,4,2019-06-19,0.11,1,0,0,
31427598,Spacious Bedroom Great Location Islington London,26153735,Tatiana,,Islington,51.5467,-0.09486,Private room,40,2,2,2019-12-27,0.07,1,0,0,
31876108,COSY Scandi-Style  Double Bedroom in Islington N1,49341708,Andreas,,Islington,51.54008,-0.09951,Private room,58,2,31,2021-08-09,0.9,3,0,4,
31877614,Well located 2 Bed 1 Bath in Elephant & Castle,102385040,Anita,,Southwark,51.49589,-0.0952,Entire home/apt,153,2,29,2021-08-30,0.85,1,182,3,
31912799,Beautiful double bedroom in leafy Greenwich,207786755,Preeti,,Greenwich,51.48145,-0.02225,Private room,53,2,1,2019-03-23,0.03,1,84,0,
32002265,Commutor discounts offered,239938244,Ganb,,Newham,51.55324,0.02774,Private room,48,31,0,,,1,83,0,
32107203,Large Apartment next to Kensington Gardens,240864826,Laura,,Westminster,51.51451,-0.17917,Entire home/apt,80,1,0,,,1,0,0,
32157869,Fashionable 3BR riverside flat in Putney (Veeve),137094377,Veeve,,Wandsworth,51.4665,-0.2179,Entire home/apt,215,4,0,,,250,0,0,
32399755,"Colourful 3 Bed Mews, Ideal West London Location",14232304,Cristina,,Hammersmith and Fulham,51.50289,-0.24509,Entire home/apt,190,2,5,2019-08-19,0.17,1,0,0,
32492648,Sonder | The Arts Council | Three-Bedroom Apartment near Tate Britain,224866971,Sonder (London),,Westminster,51.49662,-0.12932,Entire home/apt,479,32,11,2021-06-28,0.33,124,243,2,
32887675,Small White Bedroom in Highbury Family Home,72438620,Nicola,,Islington,51.55803,-0.09693,Private room,27,1,182,2021-12-03,5.68,3,69,33,
33037872,Sunny apartment,9595518,Saikee,,Barking and Dagenham,51.55055,0.10908,Private room,150,5,0,,,2,362,0,
33159522,Brand New 2 BDR Apt w/Garden Views in Acton Vale,60151108,Anya,,Ealing,51.50512,-0.25383,Entire home/apt,141,2,18,2021-12-01,0.56,3,107,4,
33422240,Spacious One Bed Flat with Balcony in Mile End!,251775656,Lucy,,Tower Hamlets,51.5279,-0.04114,Entire home/apt,95,5,23,2021-11-21,0.71,1,154,1,
33695675,Central Location Beautiful Home for 6 in Bromley,29883040,Richard,,Bromley,51.39974,0.01372,Entire home/apt,89,2,5,2019-08-21,0.16,4,0,0,
33828639,WIMBLEDON TENNIS BEAUTIFUL HOME,22245469,Sophie,,Merton,51.41357,-0.22708,Entire home/apt,700,14,0,,,1,0,0,
34116421,Spacious 2BD Barons Court Garden Flat in the City,28820321,Veronica,,Hammersmith and Fulham,51.48857,-0.21151,Entire home/apt,200,2,0,,,252,0,0,
34239465,"Central - Baker Street, Regents Park, Marble Arch",136014827,Anna,,Westminster,51.5278,-0.16695,Private room,61,2,23,2020-03-14,0.73,2,0,0,
34254133,*k2- FAB FLAT IN MAIDA VALE WESTMINSTER,167345716,Martin,,Westminster,51.52355,-0.19633,Entire home/apt,142,89,13,2019-09-29,0.44,22,0,0,
34312448,"Single room + free parking, shared shower room/loo",136565571,Sally,,Kingston upon Thames,51.39537,-0.2612,Private room,27,1,39,2021-11-28,1.24,4,177,19,
34360266,2 Beds*Business/Breaks/Wkends*Parking*Tube/Airport,96276841,Julie,,Merton,51.40604,-0.20104,Private room,38,1,159,2021-12-09,5.03,3,165,54,
34538611,Luxury double room near Canary Wharf,134254579,Louis,,Tower Hamlets,51.50627,-0.0065,Private room,70,2,1,2019-05-14,0.03,1,0,0,
34668468,"Spacious king sized/twin room, private shower room",26966748,Janet,,Waltham Forest,51.56476,-0.00019,Private room,35,3,32,2021-10-03,1.05,2,0,6,
34772116,Budget Chelsea studio 8 mins tubes top location,42653212,Nell Gwynn Chelsea Accommodation,,Kensington and Chelsea,51.49352,-0.16447,Hotel room,151,3,0,,,45,312,0,
34809262,Marble Arch area: Modern Designer Home-new listing,262430104,Darby,,Westminster,51.51776,-0.17219,Entire home/apt,165,3,10,2019-10-15,0.34,1,0,0,
34853533,Bright 2 Bedrooms Architect's Flat,6309433,Noam,,Kensington and Chelsea,51.51424,-0.21702,Entire home/apt,120,5,1,2020-01-05,0.04,1,0,0,
34985476,Victorian terrace close to historic Greenwich,20006821,Jenny,,Greenwich,51.48517,0.02264,Entire home/apt,150,4,0,,,2,0,0,
35029264,2 bedroom flat,224054111,Maria,,Kingston upon Thames,51.39705,-0.30315,Entire home/apt,60,5,0,,,1,0,0,
35091103,New Flat Just 5min to Victoria Station! VBR6,65109238,Laura,,Westminster,51.49124,-0.13672,Entire home/apt,129,2,8,2019-12-01,0.29,1,67,0,
35150925,3 bedroom Victorian house in Greenwich,28130060,Marylou,,Greenwich,51.48459,0.01015,Entire home/apt,160,2,4,2020-10-09,0.17,2,0,0,
35160480,Modern 2 bed apartment with stunning garden,23338063,Dan,,Lewisham,51.47116,-0.03005,Entire home/apt,140,2,5,2019-12-27,0.17,2,0,0,
35456659,Unique Victorian Terraced House,23781427,Louise,,Kingston upon Thames,51.41559,-0.28926,Entire home/apt,210,5,2,2020-01-02,0.07,1,98,0,
35542417,*Central* Double Bedroom * Near ANGEL Tube*,192898144,Yalcin,,Islington,51.53236,-0.10055,Private room,60,1,0,,,8,0,0,
35571757,Beautiful spacious room in Sydenham near station,22522284,Janine,,Lewisham,51.42936,-0.03646,Private room,42,1,0,,,1,364,0,
35627562,Massive double bedroom with fast internet and TV,268038228,Ufuk,,Enfield,51.61741,-0.0864,Private room,200,30,1,2019-09-21,0.04,1,90,0,
35822396,Fantastic 2-bed penthouse apartment in Wimbledon,124183909,Lucy,,Wandsworth,51.43896,-0.21691,Entire home/apt,395,1,1,2019-07-14,0.03,4,0,0,
36017320,"Double Room near Wembley Stadium, Arena, LDO",219732591,Nnanna,,Brent,51.55605,-0.2861,Private room,700,3,8,2019-12-12,0.27,1,90,0,
36048672,Spacious family home large garden 5 mins Thames,271204742,Stephen,,Hounslow,51.48363,-0.27016,Entire home/apt,315,6,1,2019-09-16,0.04,1,0,0,
36170921,Lovely dbl room w private bathroom in Wandsworth,7016307,Derrick,,Wandsworth,51.45508,-0.19755,Private room,55,4,4,2019-08-26,0.14,2,0,0,
36272942,Cozy home with private garden.,96194081,Zoe,,Greenwich,51.46923,0.03263,Entire home/apt,70,3,6,2021-08-07,0.21,1,0,4,
36342516,Cosy 2 Bedroom Apartment Kensington,128659370,Michela,,Kensington and Chelsea,51.49443,-0.19508,Entire home/apt,146,7,12,2021-11-27,0.41,47,72,1,
36348545,4 BEDROOM FAMILY HOME IN THE HEART OF BARNES,273339156,Justin,,Richmond upon Thames,51.4686,-0.24834,Entire home/apt,140,2,3,2019-11-04,0.11,1,0,0,
36371745,Modern Contemporary 2 Bedrooms @Chelsea Kings Road,103752046,Hong,,Kensington and Chelsea,51.48237,-0.1826,Entire home/apt,160,2,25,2021-11-28,0.99,1,240,20,
36388955,Double Room,101387247,Lee,,Brent,51.582,-0.28822,Private room,27,1,16,2020-03-10,0.54,2,0,0,
36422198,A stylish oasis with great transport links,273845513,Philippa,,Wandsworth,51.45549,-0.19019,Private room,60,2,4,2019-11-05,0.14,1,177,0,
36511631,Single room easy reach of Aldgate East & City,20422553,Kamal,,Tower Hamlets,51.51335,-0.06451,Private room,26,5,40,2021-11-28,1.38,40,32,10,
36751651,Light and airy double room,15555502,Abigail,,Lambeth,51.46923,-0.1054,Private room,25,4,10,2020-02-13,0.35,2,35,0,
36845963,56 SQM FLAT WITH 42 SQM TERRACE,53918882,Andrew,,Kensington and Chelsea,51.50731,-0.1964,Entire home/apt,150,14,4,2020-10-17,0.14,1,0,0,
36905869,"OYO London 24 Sussex, Standard Twin Room",277332242,OYO London 24 Sussex,,Westminster,51.50858,-0.14235,Private room,1000,1,1,2020-10-04,0.07,5,365,0,
36911578,Standard Twin Room in OYO Arinza Hotel,277358072,OYO Arinza Hotel,,Redbridge,51.5634,0.06592,Private room,1000,1,0,,,4,365,0,
36971419,Lovely modern one bed flat,61291172,Jose,,Wandsworth,51.45797,-0.18072,Entire home/apt,70,2,0,,,2,0,0,
37119764,NEW Room Super Private and Central - Oxford Street,28820321,Veronica,,Camden,51.52413,-0.14034,Private room,100,2,10,2019-12-18,0.37,252,0,0,
37289182,Flat near Buckingham Palace,7386354,Eduardo,,Westminster,51.49881,-0.14141,Private room,100,2,2,2019-12-08,0.07,3,0,0,
37391328,Sonder | Back Hill | Spacious Two-Bedroom Apartment,224866971,Sonder (London),,Camden,51.52195,-0.11027,Entire home/apt,786,3,9,2020-03-01,0.32,124,233,0,
37495153,Top Floor Flat right next to Westfield Stratford,57619117,Elda,,Newham,51.54513,-0.00447,Private room,49,1,32,2021-11-24,1.13,5,12,11,
37515487,"Private, light and comfortable room !",280961864,Bobby,,Brent,51.53698,-0.21925,Private room,41,1,95,2021-11-19,3.34,1,158,42,
37654863,Perfect home-from-home in East London,91261280,Tim,,Tower Hamlets,51.51994,-0.03907,Entire home/apt,85,2,18,2021-12-05,0.66,1,7,10,
37671964,City Pad | NEW Throughout | % Off Month+ Stays,22746552,Martin,,Tower Hamlets,51.50972,-0.06562,Entire home/apt,83,5,7,2020-10-05,0.26,3,0,0,
37723632,Stay on a London Wide Beam Barge,26590487,George,,Southwark,51.49482,-0.03399,Private room,100,1,0,,,1,0,0,
37736908,"Light, King Size bedroom in spacious 2 bed flat",254039926,Liam,,Hackney,51.56991,-0.06957,Private room,25,12,1,2019-09-27,0.04,1,0,0,
37797947,"The East London Hotel, Classic Double Room",206386720,The East London Hotel,,Tower Hamlets,51.52863,-0.05594,Private room,295,1,4,2020-02-16,0.17,6,136,0,
38148888,"Bright, Colourful Clapton 4BR near Station (Veeve)",137094377,Veeve,,Hackney,51.55978,-0.05948,Entire home/apt,395,3,0,,,250,0,0,
38282164,Contemporary 3BR in Angel with City Views (Veeve),137094377,Veeve,,Islington,51.53056,-0.09641,Entire home/apt,245,4,0,,,250,0,0,
38446102,Lauren and Jacks Place,128428600,Lauren,,Croydon,51.31561,-0.14476,Private room,100,1,0,,,1,87,0,
38574150,Location. View. Tranquillity. Close to everything,294278067,Sam,,Hackney,51.53431,-0.07374,Entire home/apt,60,2,0,,,1,0,0,
38660643,Lovely Notting Hill - Entire House,295368766,Charme,,Kensington and Chelsea,51.51614,-0.20456,Entire home/apt,200,3,11,2021-11-08,0.43,1,48,7,
38721646,Beautiful designer home on quiet street in Peckham,2602757,Jo,,Southwark,51.46994,-0.07483,Entire home/apt,100,4,1,2020-01-12,0.04,1,0,0,
38768497,"Peaceful, Beautiful Apartment in Camden",170110846,Mahir,,Camden,51.54786,-0.12789,Private room,62,1,15,2020-02-13,0.57,7,0,0,
38870255,"Luxury Garden Apt, Kew Gardens & National Archives",22152426,Suzan,,Richmond upon Thames,51.47646,-0.282,Entire home/apt,205,5,3,2021-10-02,0.25,5,253,3,
39023663,Elegant 2BR flat with Garden near Victoria,299032217,Judy,,Westminster,51.48925,-0.1441,Entire home/apt,329,2,26,2021-11-18,0.99,1,35,13,
39107970,Lancaster Gate &Hyde park spacious 3 bed lux suite,166210024,Natty,,Westminster,51.5138,-0.17411,Entire home/apt,580,5,0,,,24,260,0,
39404241,"Cozy en-suite room, very bright and spacious",146000759,Fernanda,,Lewisham,51.47175,-0.02049,Private room,47,1,1,2020-01-05,0.04,1,0,0,
39458651,"Central London, Vauxhall/Stockwell, 4 guests",214317522,Claudiu,,Wandsworth,51.47299,-0.13533,Entire home/apt,48,2,11,2021-02-07,0.44,3,0,1,
39558191,Bonz residence,199361572,Anne,,Merton,51.40032,-0.23484,Private room,60,3,0,,,1,88,0,
39597319,Beautiful Cosy Bright Garden view room,133483030,Kesh,,Croydon,51.38039,-0.05093,Private room,25,2,0,,,1,43,0,
39602437,SUMMER: Cheap private room close to Camden-WIFII,145800401,Viktor,,Camden,51.52706,-0.14057,Private room,30,60,0,,,1,0,0,
39642992,"Cosy Room, Perfect Weekend Gateaway",301285279,Steveen,,Islington,51.53288,-0.11998,Private room,60,2,1,2019-11-17,0.04,2,0,0,
39668849,1 Bedroom Sublet on Brixton Road!,243113058,Brice And Larissa,,Lambeth,51.47041,-0.11184,Entire home/apt,70,50,2,2020-04-24,0.08,2,0,0,
39859724,Bed in 12-Bed Mixed Dorm with Shared Bathroom,184998521,Astor Kensington,,Westminster,51.51063,-0.18477,Shared room,20,1,25,2021-11-14,1.02,9,102,9,
40048333,BE Lounge Luxury Apartments Flat 6,90785977,S,,Kensington and Chelsea,51.49445,-0.1749,Entire home/apt,509,1,1,2019-11-29,0.04,1,179,0,
40217821,Delightful Double room overlooking GunnersburyPark,87280576,Tiffany,,Hounslow,51.49901,-0.29819,Private room,50,1,2,2019-12-22,0.08,1,0,0,
40535423,"Quiet room Tooting, SW London Female guests only",28051490,Catrina,,Wandsworth,51.42359,-0.15574,Private room,26,3,2,2020-02-10,0.08,2,36,0,
40592348,New 2 Bed - 5 mins from Finsbury Park and Arsenal,314529648,Mert,,Islington,51.56192,-0.10426,Entire home/apt,99,2,16,2020-03-13,0.66,4,0,0,
40635630,Luxurious double room in theart of harrow on hill.,269934527,Rahwa,,Harrow,51.58449,-0.34756,Shared room,39,7,0,,,1,0,0,
40665346,Cosy little flat 30 minutes from Central London!,95016016,Catherine,,Croydon,51.37765,-0.0842,Entire home/apt,32,3,1,2019-12-30,0.04,1,0,0,
41017306,Beautiful Central London Apartment with balcony,319824047,Martin,,Camden,51.52451,-0.11708,Entire home/apt,280,1,3,2020-03-06,0.13,1,9,0,
41046520,Ultimate 6 bed apartment central london,130587629,Alex,,Westminster,51.51998,-0.16696,Entire home/apt,681,3,0,,,10,0,0,
41200688,Lovely room in a modern and new flat. Zone 2,280381284,Serena,,Lewisham,51.46691,-0.02831,Private room,60,3,0,,,1,0,0,
41207167,"Luxury garden flat next to Primrose Hill, 1000sqft",1276803,Bob,,Westminster,51.53576,-0.16215,Entire home/apt,150,2,22,2021-12-06,0.99,1,187,19,
41594112,*VAT Reg.*[Near Hthrw/Twk'hm Stdm] Ensuite Dble Rm,33079133,Jason,,Hounslow,51.44779,-0.40563,Private room,64,1,1,2021-12-03,1.0,10,46,1,
41701434,Nice room in a nice building close to the station,140573462,Saints,,Westminster,51.52804,-0.18941,Private room,60,3,0,,,2,36,0,
41740341,Ege house with breakfast & activity,315836700,Murat,,Enfield,51.64488,-0.06859,Private room,55,1,0,,,1,365,0,
41842795,U.S. Embassy Riverside,152889228,Oya,,Wandsworth,51.48353,-0.13092,Entire home/apt,1300,28,1,2020-01-27,0.04,9,351,0,
41852944,"Stunning, light & plant-filled flat in East London",12566579,James,,Waltham Forest,51.56543,-0.00419,Entire home/apt,85,2,6,2020-10-24,0.27,2,0,0,
41934391,"Bushy Park Family House, close to central London",9322586,Chris,,Richmond upon Thames,51.42719,-0.34743,Entire home/apt,500,4,0,,,1,270,0,
42065447,UK London  House,269373988,Hane,,Ealing,51.55552,-0.36048,Entire home/apt,147,7,1,2020-02-22,0.05,4,0,0,
42109984,Quiet & peace 10 minutes from Kings Cross/ Camden,65571393,Rami,,Camden,51.54233,-0.1281,Private room,40,1,4,2020-08-30,0.19,1,0,0,
42176020,Beautiful double bedroom with en-suite,323301772,Patrick,,Waltham Forest,51.59538,-0.0065,Private room,50,1,0,,,1,0,0,
42276945,"Exclusive, Clean, luxury Studio, Wembley",306073863,Carol,,Brent,51.57269,-0.28706,Private room,40,7,7,2021-08-20,0.39,1,161,4,
42307553,"Cosy bedroom in house, central London but quiet st",2242671,Rebecca,,Westminster,51.52988,-0.20635,Private room,40,1,0,,,3,67,0,
42398215,Northala Fields,21556192,Brenda,,Ealing,51.5329,-0.36422,Private room,26,3,0,,,1,83,0,
42725649,Heart of London - Goodge Street (Second Floor),171687123,Florina,,Westminster,51.51892,-0.1362,Entire home/apt,111,2,0,,,1,0,0,
42744204,Welcome to London,35154345,Hubert,,Wandsworth,51.46529,-0.17633,Private room,25,2,23,2021-11-24,1.07,1,9,17,
43063780,Cosy Art Room,17902556,F√©lix,,Ealing,51.50115,-0.25654,Private room,25,7,0,,,1,0,0,
43468151,room in Homerton hackney,282353564,Sid,,Hackney,51.54664,-0.04149,Private room,49,1,0,,,2,179,0,
43639122,Spacious & Luxe 2 Bed in Kensington Gardens,38493,Kris & Joe,,Kensington and Chelsea,51.50466,-0.19115,Entire home/apt,195,5,2,2020-09-21,0.13,2,0,0,
43982030,Big 2 Bed 2 Bath Knightsbridge Harrods // Hyde Park,350222367,London City Stays,,Kensington and Chelsea,51.49691,-0.16331,Entire home/apt,331,21,1,2020-10-20,0.07,5,0,0,
44099642,Studio Flat in Notting Hill,353226279,Chapter,,Kensington and Chelsea,51.52605,-0.20873,Entire home/apt,100,3,13,2020-08-31,0.75,6,352,0,
44142961,Greater London Double Room,353963702,Copehill,,Tower Hamlets,51.51369,-0.06274,Private room,22,1,5,2020-08-05,0.29,3,0,0,
44222506,Modern & Elegant 1 bedroom In Notting Hill,314684999,Bekir,,Kensington and Chelsea,51.51637,-0.21115,Entire home/apt,121,2,13,2021-10-25,0.86,1,3,11,
44239365,Wellington court st john wood,310835509,TravelNest,,Westminster,51.53272,-0.17228,Entire home/apt,420,1,0,,,45,0,0,
44248195,1 Bedroom in Central London with balcony.,63363599,Elkhalil,,Camden,51.51734,-0.12189,Private room,79,3,0,,,2,36,0,
44499217,"1 large bed flat, 35 minutes from Central London",144129095,Emmanuel,,Barnet,51.59757,-0.24802,Entire home/apt,35,6,0,,,1,0,0,
44554520,ENJOY BEAUTIFUL TERRACE + BEST OF KENSINGTON,53323515,Paris Perfect,,Kensington and Chelsea,51.49279,-0.19691,Entire home/apt,321,5,0,,,5,282,0,
45255871,16ÂàÜÈíüËá≥UCL ÊàñLSE Ê¨¢ËøéÁïôÂ≠¶ÁîüÈïøÁßü650/Êúà,304841815,Áî®Êà∑2988,,Haringey,51.59491,-0.10619,Private room,80,7,0,,,1,364,0,
45359496,Victorian Artsy Freshly Renovated London Home,2086504,Celia,,Wandsworth,51.45205,-0.1874,Private room,75,2,3,2021-10-14,0.21,1,21,1,
45627062,Where Luxury Meets Convenience,30629100,Gary,,Croydon,51.38285,-0.08126,Entire home/apt,53,4,23,2021-11-29,1.94,17,253,23,
45682676,Double En-suite near Sloane Square  & Chelsea,7105808,Caroline,,Westminster,51.488667,-0.146064,Private room,60,2,1,2021-10-12,0.51,1,348,1,
45834864,Spacious modern flat with balcony in London Fields,9335813,Jim,,Hackney,51.54174,-0.0574,Entire home/apt,90,3,6,2021-11-14,0.43,1,1,3,
45856806,Two bedroom luxury flat in the heart of Richmond,9063235,Executive Roomspace,,Richmond upon Thames,51.46304,-0.30072,Entire home/apt,180,3,0,,,76,0,0,
45875490,Premium Canary Wharf Apartment with Garden,154958846,Qawiyy,,Tower Hamlets,51.50318,-0.00792,Entire home/apt,500,2,0,,,13,90,0,
46046655,Unique Apartment In Trendy Central Soho Piccadilly,6881701,Soho Apartment Management,,Westminster,51.51143,-0.13446,Entire home/apt,99,1,6,2021-01-09,0.44,9,180,3,
46505643,Stylish 2BD apartment in Exclusive Belgravia,273701605,Mark,,Westminster,51.49504,-0.14766,Entire home/apt,159,3,0,,,22,0,0,
46565933,West London Victorian home in leafy zone 3,215153589,Mark,,Ealing,51.50405,-0.3331,Entire home/apt,180,2,0,,,1,0,0,
46639121,Large Luxurious Portobello House; sleeps 10,375838496,Frances,,Kensington and Chelsea,51.51093,-0.20097,Entire home/apt,400,6,5,2021-08-28,0.41,4,66,5,
46688312,Our eclectic  Zone 1 home in buzzing Vauxhall,7234165,Adrian,,Lambeth,51.48316,-0.11835,Private room,78,1,11,2021-12-05,2.77,1,340,11,
46723330,Family room with ensuite in Bloomsbury hotel.,10682631,St Athans Hotel,,Camden,51.52653,-0.12481,Private room,162,1,14,2021-11-28,2.16,11,364,14,
46745068,"Student Only Property: Desirable 
Classic 3 Bed Duplex Apartment",226804666,Miroslav,,Haringey,51.58986,-0.07253,Entire home/apt,36,1,0,,,535,358,0,
46745764,Student Only Property: Gorgeous Silver Studio,226804666,Miroslav,,Camden,51.54214,-0.14243,Entire home/apt,56,1,0,,,535,358,0,
46815884,London Luxury 1 bed apartment Sleep 4 free parking,274244961,Asim,,Redbridge,51.56158,0.07366,Entire home/apt,109,1,8,2021-09-13,0.67,10,365,8,
46828303,"NOX HOTELS, Twin bedded room, next to Hyde Park",378234626,Nox,,Westminster,51.51175,-0.18549,Private room,97,1,1,2020-12-13,0.08,12,3,1,
46871076,Massive King Room in Zone 1 Prime Location,86553820,Chris,,Westminster,51.51768,-0.16829,Private room,75,4,0,,,1,0,0,
47090814,Thirsk Tooting Studios by EveryWhere to Sleep London S1,363308515,Pablo Host,,Merton,51.41631,-0.1588,Private room,91,1,3,2021-03-10,0.29,71,248,3,
47357929,Spacious & beautiful flat SW Lon Light-view-garden,382345758,Magi,,Kingston upon Thames,51.39638,-0.3029,Entire home/apt,165,30,0,,,1,206,0,
47425357,Friendly place to stay and chill in East London,254487736,Martin,,Waltham Forest,51.59382,-0.01618,Private room,24,3,0,,,1,340,0,
47544323,Bright and huge double en-suite bedroom,83588124,Paola,,Bromley,51.41175,0.01054,Private room,35,31,0,,,1,0,0,
47710249,"Southwark, London üè° Deluxe Two-Bedroom Serviced Apartment",373256510,TruStay Apartments,,Southwark,51.49932,-0.09225,Entire home/apt,150,4,3,2021-04-12,0.37,30,76,3,
47765249,"European Hotel, Kings Cross, Single en suite",74167394,Dina,,Camden,51.53009,-0.12096,Private room,45,7,1,2021-09-19,0.37,109,101,1,
47839902,9 on Phoenix - New Listing,32056798,Anton,,Wandsworth,51.46131,-0.17028,Entire home/apt,210,4,0,,,15,256,0,
47914478,1 bedroom flat in west London - Shepherds Bush,338501941,Portico,,Hammersmith and Fulham,51.50622,-0.22501,Entire home/apt,96,2,11,2021-08-31,1.11,22,20,11,
48577063,Peaceful private one bed wooden cabin in Clapton,92487091,Valene,,Hackney,51.55647,-0.05262,Entire home/apt,90,10,1,2021-06-11,0.17,1,0,1,
48839205,Private  room with New furniture,83423409,Daoud,,Harrow,51.61337,-0.3028,Private room,38,28,0,,,3,343,0,
48991189,‚ú©‚úø‚ôóNeat Room Near Nelson Square Park‚ôó‚úø‚ú©,129230780,STK Homes,,Southwark,51.50119,-0.0989,Private room,1570,1,0,,,134,0,0,
49154862,Beautiful loft apartment overlooking pretty park,1647125,Tristan,,Lewisham,51.45287,-0.01166,Entire home/apt,90,4,8,2021-11-28,1.23,2,0,8,
49202176,New Studio Apartment- Tower Bridge,2074840,Ocky,,City of London,51.51233,-0.07334,Entire home/apt,70,7,0,,,1,0,0,
49481845,Selina Camden - Deluxe Room,391115123,Selina,,Camden,51.5435,-0.15345,Private room,337,1,0,,,6,263,0,
49626853,Family room with private bathroom,201720555,Your.Rentals,,Harrow,51.5977,-0.29002,Private room,198,1,0,,,11,335,0,
49686716,London Luxury apartments sleeps 2 free parking,274244961,Asim,,Redbridge,51.56206,0.07498,Entire home/apt,79,1,5,2021-11-14,0.83,10,163,5,
49721548,"Popular one Bedroom Apartment in Chelsea, London",366538023,Lynne,,Kensington and Chelsea,51.48093,-0.17994,Entire home/apt,95,2,23,2021-12-06,5.0,3,129,23,
49725309,TRIPLE ROOM (3 SINGLE BED ),310650597,Karandeep,,Richmond upon Thames,51.45456,-0.33897,Private room,110,1,0,,,9,24,0,
49756509,Cozy room,145135648,Has,,Redbridge,51.55674,0.09915,Private room,50,1,0,,,2,89,0,
49850508,Fabulous stay just 7 min walk from Tower Bridge,402030488,Gen,,Southwark,51.49838,-0.06803,Private room,90,3,2,2021-11-01,0.82,1,354,2,
49994368,"SW1V, Elegant designer apartment",403188715,Sasha,,Westminster,51.49233,-0.14042,Entire home/apt,114,2,1,2021-08-29,0.3,1,0,1,
49994724,Private Room 3 Home Away From Home,395085352,Kay,,Greenwich,51.49451,0.07874,Private room,50,1,0,,,4,89,0,
50093171,"Modern Studio Apartment, South West London",223163535,Tom,,Wandsworth,51.43085,-0.15022,Entire home/apt,86,4,7,2021-11-09,1.59,1,349,7,
50109617,Split level 1 bed flat lower clapton near park,21582338,Segolene,,Hackney,51.55183,-0.05628,Entire home/apt,75,1,0,,,2,0,0,
50142195,Spacious Clapham 4BR with Private Garden (Veeve),33889201,Veeve,,Wandsworth,51.46177,-0.15288,Entire home/apt,735,1,1,2021-07-31,0.23,845,1,1,
50444019,"Visitng London? 
Comfy Singleroom available now.",407544674,Yusuf,,Haringey,51.59473,-0.10072,Private room,23,1,3,2021-11-28,0.69,1,182,3,
50455541,"Stunning, architecturally designed studio flat",16317211,Jessica,,Merton,51.41711,-0.22926,Entire home/apt,164,5,5,2021-09-27,0.92,1,350,5,
50595248,Gorgeous Apartment in Hoxton,269308503,Michael,,Hackney,51.53758,-0.08621,Entire home/apt,274,4,1,2021-10-03,0.44,43,333,1,
50666015,Cosy 1 bedroom flat in the centre of Camden,349749800,George,,Camden,51.54031,-0.14378,Entire home/apt,70,15,1,2021-09-11,0.34,1,0,1,
50714100,ELEGANT CITY VIEW 1BD APT IN CITY OF LONDON,372750863,James,,Camden,51.52009,-0.10948,Entire home/apt,103,2,1,2021-10-24,0.64,47,164,1,
50728098,"Stunning modern 1 bed house in Camden, London NW1",409936486,Nethi,,Camden,51.54322,-0.13693,Entire home/apt,143,3,2,2021-12-05,2.0,1,172,2,
50742932,Victoria and Buckingham Palace Apartment,20297348,Dmitry,,Westminster,51.49656,-0.14791,Entire home/apt,168,1,22,2021-11-18,4.1,9,199,22,
50861728,"Studio Flat Farringdon, Clerkenwell, Holborn 208",376378762,Vikki,,Camden,51.52146,-0.10764,Entire home/apt,60,1,12,2021-08-22,2.38,44,0,12,
50863812,Luxury Apartment Opposite Hyde Park,1930965,David,,Kensington and Chelsea,51.50916,-0.19243,Entire home/apt,480,5,0,,,1,15,0,
51157713,Private room with two Single Beds in West London,403175190,Manmohan,,Ealing,51.503815,-0.333461,Private room,65,1,2,2021-10-11,0.57,6,112,2,
51340320,Beautifully refurbished maisonette,61201826,Claire,,Hammersmith and Fulham,51.47916,-0.19069,Entire home/apt,240,4,3,2021-11-08,1.53,2,16,3,
51387636,The Luxurious Ludgrove Hall.,366946730,Donna,,Barnet,51.65569,-0.15928,Entire home/apt,410,1,3,2021-12-04,0.87,1,337,3,
51511794,Modern en suite king size bedroom in Wimbledon,35176812,James,,Wandsworth,51.43805,-0.21304,Private room,59,2,5,2021-10-16,1.34,3,345,5,
51588303,Great Apartment in Central Camden Town,1016331,Kyle,,Camden,51.54073,-0.1435,Entire home/apt,105,2,3,2021-11-21,0.87,2,248,3,
51609419,Double bedroom in North London,257785299,Anna,,Barnet,51.61936,-0.13999,Private room,33,1,2,2021-12-07,0.79,2,361,2,
51698742,"Stylish 2-bed houseboat moored at Limehouse Marina, in East London",2125620,Altido,,Tower Hamlets,51.50954,-0.03718,Entire home/apt,1000,3,0,,,45,0,0,
51887238,Lovely large room,361270171,Mohamed,,Southwark,51.45245,-0.06119,Private room,49,1,10,2021-12-05,4.62,2,364,10,
52025520,2 Double Bedrooms in a House with Garden,86818157,Merv,,Redbridge,51.54749,0.06987,Entire home/apt,67,5,1,2021-09-25,0.39,1,0,1,
52118108,Earls court Studio near underground and shops,112868447,Alexandra,,Kensington and Chelsea,51.49075,-0.19552,Entire home/apt,59,28,0,,,24,69,0,
52349155,Spacious 4 bedroom house in Wimbledon,39854572,Denise,,Merton,51.41764,-0.19113,Entire home/apt,250,2,4,2021-11-21,1.71,1,54,4,
52446984,En-suite bedroom near South Ealing,21247064,Dusanka,,Hounslow,51.49091,-0.30711,Private room,43,1,3,2021-11-28,3.0,2,7,3,
52488547,Lovely one bedroom with balcony and bath,424853657,Ash,,Tower Hamlets,51.49763,-0.01878,Private room,57,2,0,,,1,43,0,
52534041,Bohemian gem in Primrose Hill,127162043,Bob,,Camden,51.53881,-0.15762,Entire home/apt,150,3,3,2021-11-17,2.2,18,10,3,
52560165,Top floor studio flat in beautiful house,18974734,Bella,,Ealing,51.50976,-0.25818,Private room,59,2,0,,,3,86,0,
52607916,Student Only - Lovely Single Bedroom in London,129230780,STK Homes,,Haringey,51.59754,-0.1111,Private room,24,28,0,,,134,24,0,
52608471,Cheerful 1 room in a shared house (lovely garden),10620402,Abhishek,,Newham,51.51945,0.01301,Private room,48,1,0,,,3,82,0,
52652938,"Private gated community, large double ensuite",85869504,Natasha,,Redbridge,51.60394,0.07083,Private room,44,3,0,,,2,180,0,
52674742,Newly Built Luxury 2 Bed Apartment!!,41743425,Emily,,Haringey,51.6059,-0.09225,Entire home/apt,162,1,2,2021-11-12,1.43,1,333,2,
52713341,Lovely 2 bedroom flat 2 mins from Vauxhall Station,33476368,Liza,,Lambeth,51.48358,-0.12194,Entire home/apt,141,3,2,2021-11-12,1.82,1,71,2,
52840079,Brand New Luxury Studio Central London Shoreditch,299235423,Marshal,,Hackney,51.5284,-0.08713,Entire home/apt,140,3,0,,,2,83,0,
52887138,House Garden Close to Train Stn Park Good Location,49798582,Nyima,,Barnet,51.64675,-0.19343,Entire home/apt,119,7,0,,,11,250,0,
52902780,MAYFAIR DELUXE ONE BEDROOM APARTMENT,194098755,Seventeen,,Westminster,51.50644,-0.14847,Entire home/apt,493,1,0,,,8,169,0,
52923655,Big Private Room in the Center,6718950,Amy And Gin,,Westminster,51.51293,-0.1353,Private room,55,2,5,2021-11-28,4.69,6,7,5,
53017379,THE CHELSEA TOWNHOUSE 3,15368760,Sarah,,Kensington and Chelsea,51.4913,-0.17044,Entire home/apt,380,3,1,2021-11-29,1.0,12,346,1,
53038807,1 bedroom for let in a family house.,150408000,Roma,,Hillingdon,51.50195,-0.46256,Private room,43,1,0,,,1,57,0,
53085998,Lovely 1-bedroom apartment in London,429747465,Iryna,,Islington,51.56077,-0.12397,Entire home/apt,90,4,0,,,1,7,0,
53117098,"GuestReady - Beautiful and cosy 1BR Apartment, Central London",402191311,GuestReady,,Lambeth,51.50003,-0.109,Entire home/apt,104,2,2,2021-12-05,2.0,136,255,2,
53139898,Lovely 1 Bedroom flat with terrace.,21798712,Sophia,,Hammersmith and Fulham,51.51636,-0.22542,Entire home/apt,150,2,3,2021-11-29,2.65,1,356,3,
53216897,"Chilled bedroom, lounge and own kitchen",54670630,Pravin,,Hounslow,51.49026,-0.31235,Private room,60,2,0,,,1,311,0,
53488552,CAPITAL | Luxury One Bed Flat in Bayswater - LS12,48165024,Capital Residencies,,Westminster,51.51322,-0.19039,Entire home/apt,157,2,0,,,120,279,0,
53552186,"Gorgeous, homely, stylish 1 bed flat",13490587,Ellie,,Waltham Forest,51.5716262872206,-0.0261033419961926,Entire home/apt,48,4,0,,,2,12,0,
53618043,A large confortable room in a 3 bed flat.,57870338,Christopher,,Barking and Dagenham,51.54119522336854,0.1001030817031828,Private room,28,1,0,,,2,360,0,
53622933,"Luxury, Modern & Cosy 2 Bedroom London Apartment",142097915,Gregory,,Brent,51.52909,-0.28059,Entire home/apt,156,2,1,2021-12-05,1.0,2,365,1,
53695125,Stunning 1 bedroom Knightsbridge,116198977,Massimiliano,,Kensington and Chelsea,51.496238739626406,-0.1643828791045709,Entire home/apt,128,2,0,,,5,359,0,
